<?xml version="1.0" encoding="utf-8" ?>
<dwsync>
<file name="aboutme.html" server="hermes.waketech.edu/public_html/" local="133226866578433883" remote="133238853340000000" Dst="2" />
<file name="fixtures.html" server="hermes.waketech.edu/public_html/" local="133226866577323638" remote="133238853390000000" Dst="2" />
<file name="harry.html" server="hermes.waketech.edu/public_html/" local="133226866578083808" remote="133238853390000000" Dst="2" />
<file name="Headings.css" server="hermes.waketech.edu/public_html/" local="133226880699897921" remote="133238853390000000" Dst="2" />
<file name="index.html" server="hermes.waketech.edu/public_html/" local="133226866574792845" remote="133238853390000000" Dst="2" />
<file name="kaneandson.html" server="hermes.waketech.edu/public_html/" local="133226864837819532" remote="133238853390000000" Dst="2" />
<file name="NLD.html" server="hermes.waketech.edu/public_html/" local="133226866577713731" remote="133238853390000000" Dst="2" />
<file name="roster.html" server="hermes.waketech.edu/public_html/" local="133231142662753590" remote="133238853390000000" Dst="2" />
</dwsync>