<?xml version="1.0" encoding="utf-8" ?>
<dwsync>
<file name="harry_stands.jpg" server="hermes.waketech.edu/public_html/" local="133226851535630010" remote="133238853350000000" Dst="2" />
<file name="index code.txt" server="hermes.waketech.edu/public_html/" local="133222620984166892" remote="133238853350000000" Dst="2" />
<file name="jerseys_1.avif" server="hermes.waketech.edu/public_html/" local="133226850603066541" remote="133238853350000000" Dst="2" />
<file name="kaneandson_1.jpg" server="hermes.waketech.edu/public_html/" local="133222541865771891" remote="133238853350000000" Dst="2" />
<file name="kane_1.webp" server="hermes.waketech.edu/public_html/" local="133222544351155237" remote="133238853360000000" Dst="2" />
<file name="kane_goldenboot_1.avif" server="hermes.waketech.edu/public_html/" local="133222542526331536" remote="133238853360000000" Dst="2" />
<file name="son_celly_!.webp" server="hermes.waketech.edu/public_html/" local="133222543792761978" remote="133238853360000000" Dst="2" />
<file name="son_goldenboot_1.jpg" server="hermes.waketech.edu/public_html/" local="133222542795492521" remote="133238853360000000" Dst="2" />
<file name="spurs_background.jpg" server="hermes.waketech.edu/public_html/" local="133226853865310085" remote="133238853370000000" Dst="2" />
<file name="spurs_background2.jpg" server="hermes.waketech.edu/public_html/" local="133226854805293647" remote="133238853370000000" Dst="2" />
<file name="spurs_logo_1.png" server="hermes.waketech.edu/public_html/" local="133226849554192731" remote="133238853370000000" Dst="2" />
<file name="thst-front_4.jpg" server="hermes.waketech.edu/public_html/" local="133222540911835772" remote="133238853370000000" Dst="2" />
<file name="thst_cl.jpg" server="hermes.waketech.edu/public_html/" local="133226852101182628" remote="133238853380000000" Dst="2" />
<file name="tottenhamflag_1.webp" server="hermes.waketech.edu/public_html/" local="133222540989273315" remote="133238853380000000" Dst="2" />
</dwsync>